Employee_No,Hourly_Time,Late_minutes
347,8.586300211416491,19.10708245243129
348,9.35121359223301,96.27594390507012
349,8.26536231884058,46.94227053140097
351,8.306571428571429,14.105595238095239
352,10.434017857142857,39.973482142857144
354,12.027012089810018,54.39513529073115
355,14.173396524486572,52.624934175882046
356,9.137094736842105,12.294175438596492
359,9.754037037037037,4.430679012345679
360,8.155434782608696,29.32608695652174
361,11.83856610800745,55.072377405338294
363,11.4248,24.922666666666665
373,14.223740157480314,69.4490157480315
376,11.402968490878939,51.691818684356
377,10.37271375464684,52.68999380421314
380,11.709638752052545,31.02939244663383
381,10.828045454545455,52.75606060606061
383,14.14744394618834,54.80994020926756
384,10.822096474953618,25.995083487940633
385,10.00266393442623,26.509938524590165
389,12.341702586206896,46.78236350574713
392,10.841727493917274,40.79578264395782
393,11.395741811175338,14.556165703275529
394,12.091730769230768,51.47590811965812
396,10.694468503937008,42.919258530183725
399,13.34,20.508474576271187
400,13.743864661654136,55.65431077694236
401,11.432103174603174,34.57142857142857
402,0.002,537.2166666666667
404,11.37279197080292,19.56846107055961
408,10.56049504950495,47.62502750275028
410,10.8172,50.75166666666667
411,13.081723122238586,54.65363279332352
413,11.379952380952382,36.3802380952381
415,12.889662162162162,10.071171171171171
416,11.037868852459017,29.733060109289617
417,12.215714285714286,52.305119047619044
419,6.674444444444445,27.183703703703703
420,12.47789291882556,53.44064478986759
421,12.236100795755968,57.84160035366932
423,10.93391472868217,97.58359173126614
424,13.031583333333334,32.95
425,8.971626213592232,16.979045307443364
426,8.326788321167884,5.635766423357665
427,9.093161904761905,25.925809523809523
431,11.153083197389886,2.1314301250679715
433,9.570353982300885,10.168067846607668
434,9.924645669291339,4.340944881889763
435,11.615707154742097,38.439794786467
436,11.688853383458648,38.659774436090224
437,8.425354330708661,18.258530183727036
438,9.706842105263158,60.1645795523291
440,9.106674107142856,12.016183035714286
443,9.25504347826087,19.11173913043478
446,9.004117647058823,0.08594771241830064
450,11.39108108108108,0.0
453,13.306477064220182,7.7132721712538235
455,11.486972789115647,42.550113378684806
461,12.5625,0.0
463,10.105975609756099,4.367987804878048
466,12.063314606741573,7.63441011235955
468,10.758181818181818,3.8509161381254406
471,10.101043478260868,1.6052898550724637
476,9.195413533834586,33.93107769423559
481,9.356953907815631,32.6314963259853
482,9.713191489361702,30.053900709219864
486,9.953628318584071,0.33502949852507374
487,10.000821678321678,5.191841491841491
495,15.013251417769377,2.338972904851922
496,10.82495575221239,34.574837758112096
501,9.540511695906433,33.672441520467835
504,11.639375,23.157812500000002
505,12.000277777777777,56.34861111111111
510,8.59239819004525,38.51282051282052
516,8.635032397408207,27.284521238300936
517,8.68452606635071,12.063151658767772
523,9.157142857142857,0.003945578231292517
534,10.736547085201794,15.676083707025413
536,7.534000000000001,10.4
537,11.444122287968442,25.138527284681132
545,11.823933333333335,36.61222222222222
547,8.267837837837838,17.275880425880427
549,15.5,0.0
550,11.38903420523139,42.903822937625755
551,8.678160173160173,11.707070707070708
556,8.5407,32.302277777777775
557,3.265,165.82083333333335
565,7.926733333333333,16.310333333333336
569,8.78207650273224,6.514936247723133
572,4.15,24.8
573,9.308571428571428,92.32755102040817
582,10.752906137184114,32.18589049338147
583,12.487820945945947,51.923789414414415
584,10.848522829509673,33.937179487179485
593,10.911810344827586,38.55694444444445
596,9.230690978886756,59.84203454894434
597,8.624509018036072,11.886706746826988
601,8.37515625,14.083072916666667
604,8.884897959183673,17.970408163265304
606,13.512476340694006,41.53178233438486
607,9.438723404255319,25.81560283687943
608,9.463478260869564,0.37898550724637675
610,10.543018867924527,8.128197064989518
611,11.577876712328766,13.699029680365298
612,9.108680851063829,3.201560283687943
614,9.137192982456142,24.719005847953216
615,11.634699453551914,16.487613843351546
616,14.153358208955224,13.388059701492537
618,10.41431693989071,7.2076502732240435
619,9.800895522388059,26.541293532338308
620,12.778956692913386,9.928116797900262
621,8.367195767195767,16.119400352733685
624,9.904058295964125,33.64985052316891
625,0.0,14.540000000000001
626,8.32036809815951,45.54683026584867
627,12.17954356846473,23.87700553250346
628,8.704529616724738,80.03652729384437
629,9.272969283276451,12.593856655290102
630,9.655853658536586,0.0
634,12.002609400324149,49.570907617504055
636,12.572279202279201,55.50750237416904
637,12.463014925373134,21.194676616915423
639,11.725978647686834,45.37366548042704
642,12.643333333333333,8.333333333333334
644,11.277090395480226,15.170951035781544
645,9.675540069686411,14.046283391405343
646,12.153018242122721,51.101160862354895
648,10.652525252525253,40.79545454545455
650,10.214372549019608,44.68990196078431
653,9.408662674650698,17.35352628077179
656,10.124363636363636,37.936439393939395
659,10.899802197802197,46.152307692307694
660,6.132857142857143,73.76613756613756
661,12.521136363636364,1.9090909090909092
662,9.671028571428572,9.916095238095238
664,10.646192560175056,43.766119620714804
667,8.136612021857923,47.98734061930784
668,11.919920634920636,30.119973544973547
669,8.468997555012225,2.478647106764466
671,8.64993006993007,60.19417249417249
673,10.36581300813008,15.137737127371274
677,8.444166666666666,0.8333333333333334
679,11.835,0.0
682,10.584848484848486,0.0
688,9.41203125,9.775260416666667
690,10.929342105263158,18.729331140350876
694,8.450726643598616,5.402306805074971
696,11.554545454545455,2.727272727272727
697,9.392178217821783,8.556105610561056
698,10.091554160125588,0.0
699,8.993982456140351,45.92938596491228
700,12.888226086956521,611.1023188405796
701,9.925177304964539,9.11063829787234
703,14.0,600.0
705,7.166511627906977,3.7930232558139534
707,10.498000000000001,1.3666666666666667
708,14.893817427385892,41.57676348547718
709,8.436791666666666,6.7264583333333325
712,7.885401459854014,90.3750608272506
713,8.759937369519834,14.418893528183716
715,8.984639175257731,13.087113402061856
717,8.374685138539043,8.137489504617967
718,8.491126373626374,22.060347985347985
719,12.584999999999999,0.0
724,7.6617999999999995,18.336333333333336
727,7.605238095238096,42.60634920634921
728,6.0457777777777775,60.390740740740746
731,11.823,3.748333333333333
734,7.672380952380952,0.0
735,10.39937984496124,12.542894056847546
736,14.005996860282574,56.552276295133446
738,9.453642857142857,4.761785714285714
739,9.052899408284024,12.94921104536489
740,9.77111111111111,0.6944444444444444
741,9.982738095238094,3.3520833333333333
742,10.758,0.0
743,7.67,0.0
747,14.109513343799058,55.09050235478807
749,9.53261329305136,47.73182275931521
754,11.08924369747899,0.0
755,11.56413043478261,0.0
757,11.363880597014925,0.0
758,11.05916955017301,0.01730103806228374
760,11.396469298245615,3.2065058479532165
761,8.886666666666667,5.870679012345679
763,9.451531531531531,5.523273273273274
772,11.430632911392404,3.274753867791843
778,9.659635036496349,0.4997566909975669
779,7.6775,5.417708333333334
781,10.90864686468647,2.8615511551155115
783,10.909086021505376,0.3798387096774194
784,11.257936507936508,0.04206349206349206
786,9.59179245283019,0.3
788,10.056393442622952,2.1871584699453557
791,9.790000000000001,0.0
798,8.868823529411765,5.2025054466230936
801,10.751635514018691,11.154283489096574
802,7.665,12.091666666666667
805,12.102894736842105,4.006140350877193
806,11.484,4.080555555555556
808,10.270374331550803,10.382620320855615
809,11.798247933884296,198.04421487603307
810,9.452234042553192,12.861702127659575
811,9.682135076252724,2.5981844589687726
813,11.137614678899082,0.0
816,9.471046511627907,7.058139534883721
818,9.332847222222222,8.338194444444444
819,9.31266129032258,2.2564516129032257
821,10.340496183206106,4.009510178117048
824,9.05967391304348,0.14492753623188406
826,9.453407079646016,1.4411873156342183
828,11.842399232245683,0.046737044145873326
829,11.057202797202798,384.39638694638694
830,10.782849872773536,395.9986005089059
832,10.036101694915255,13.17641242937853
835,9.811391304347826,6.152608695652175
840,10.18157894736842,18.248684210526317
846,12.133086876155268,600.0
848,11.194954128440367,0.0
852,13.19872813990461,599.523052464229
853,5.718771929824562,0.6267543859649123
854,10.197795918367348,3.7346938775510203
858,12.566216216216215,137.2972972972973
859,12.0085,582.9270833333334
862,12.286375838926174,0.0
864,12.0,600.0
866,12.097852028639618,600.0
868,12.0,0.0
869,12.0,422.33009708737865
871,9.039267015706807,6.968586387434555
872,9.0,0.0
874,12.735000000000001,0.0
875,12.663030303030302,0.0
876,12.295238095238094,0.0
878,11.630844155844157,0.0
879,9.444444444444445,133.33333333333334
880,12.0,600.0
882,12.668571428571429,583.5428571428571
883,13.159154929577465,0.4647887323943662
884,12.380625,0.0
886,12.5375,0.0
887,12.465945945945947,0.0
890,11.36546875,0.0
891,11.79192118226601,0.0
895,12.667826086956522,1.9782608695652173
896,12.18968152866242,0.0
900,12.078579234972679,0.0
902,12.046683417085427,0.0
903,13.363833333333334,0.0
905,11.589677419354839,0.0
906,11.96685393258427,0.011235955056179775
907,11.0,0.0
908,10.412,0.47711610486891387
909,12.504821428571429,0.0
918,8.621167512690354,200.5253807106599
921,8.671488372093023,4.8682170542635665
923,11.38536842105263,21.15017543859649
925,11.897451737451737,36.5518018018018
929,12.46375,0.0
932,11.31625,0.0
933,11.973684210526315,0.0
934,11.676875,0.0
938,12.565555555555555,0.0
941,8.320876712328767,12.249634703196348
942,9.442036082474226,19.586039518900343
943,12.08529411764706,2.4676470588235295
945,9.28215481171548,9.721408647140864
947,10.491113445378152,4.022759103641457
948,12.135463137996219,11.834593572778829
950,9.30215644820296,11.982100070472162
959,10.385945945945945,0.0
962,9.537610062893082,3.460901467505241
964,9.068823529411764,10.956862745098038
966,9.740666666666666,0.0
967,10.291935483870969,0.0
968,11.056,0.0
969,9.690000000000001,2.3466666666666667
971,11.0315625,22.058333333333334
975,11.088983739837397,37.7139566395664
983,8.05655172413793,0.015517241379310345
986,6.76,139.6625
987,11.871847826086958,12.506702898550726
992,9.817534246575342,0.28744292237442925
993,7.571509433962264,0.0
994,7.9332692307692305,5.039423076923077
995,9.505676392572944,6.5389478337754205
996,7.2705714285714285,0.0
998,9.239901315789472,19.220559210526318
999,9.614295774647887,0.3106220657276995
1001,11.728350168350168,44.08019079685746
1002,4.5542105263157895,9.769298245614035
1004,9.876428571428571,0.0
1005,10.876912751677853,55.64451901565995
1006,9.26,0.0
1008,9.926974522292994,0.11873673036093417
1013,11.850144534778682,4.986856368563686
1021,9.891063829787234,0.0
1023,10.58,0.0
1024,10.180833333333334,0.0
1025,9.59975,0.032916666666666664
1036,9.791344537815126,5.368767507002801
1039,9.04047619047619,0.7396825396825397
1041,9.641176470588235,9.037009803921569
1054,11.198924050632911,442.7050632911392
1060,10.161348314606741,7.721348314606742
1071,9.958922018348623,12.077981651376147
1072,9.727080291970802,3.9302919708029194
1073,11.991600831600831,15.1513167013167
1075,9.475548281505729,2.7740043644298966
1078,2.7107843137254903,201.12516339869282
1080,12.098301075268818,29.28440860215054
1081,10.097378472222223,25.436313657407407
1085,11.2184496124031,15.836434108527133
1086,9.470504201680672,0.21568627450980393
1089,11.302290388548057,170.52385821404226
1093,11.871520467836257,0.0
1094,11.873818181818182,0.0
1096,12.734347826086957,0.0
1097,9.293267148014442,14.49638989169675
1098,8.877426160337553,9.156540084388185
1099,10.130511627906976,0.19771317829457363
1101,6.516,5.807777777777777
1103,9.575,1.6148148148148147
1105,11.77,0.0
1106,9.775471698113208,0.6282494758909853
1109,8.411921824104235,29.99337676438654
1120,9.055231910946198,9.15856524427953
1121,7.726166666666667,56.57611111111111
1125,9.29,0.6709876543209877
1126,13.816740088105728,4.379539892315223
1127,11.333493150684932,0.0
1128,12.940728346456693,21.678215223097112
1131,9.828413654618474,9.089524765729584
1137,9.62,2.1694444444444443
1138,9.578411214953272,0.10755451713395638
1141,9.606666666666667,2.058333333333333
1143,9.317142857142857,11.35204081632653
1146,9.684615384615386,3.1243589743589744
1147,0.0,0.0
1148,9.869347826086956,12.947463768115943
1157,9.101840354767186,9.64090909090909
1158,10.512639225181598,4.8350686037126716
1159,9.6896,8.02288888888889
1160,12.5003125,0.0
1162,9.411337579617834,1.9095541401273883
1170,9.973247863247863,8.712606837606838
1174,1.94225,132.2613888888889
1177,8.71364238410596,25.191666666666666
1178,7.896651785714285,18.43467261904762
1181,8.831548821548822,8.064534231200897
1184,11.212962962962964,10.59537037037037
1188,9.955678294573644,4.007816537467701
1192,12.0,0.0
1194,9.730105263157895,0.4843859649122807
1195,9.76284023668639,42.15512820512821
1197,10.884444444444446,34.27222222222222
1205,13.035211267605634,10.875586854460094
1206,9.536357012750456,8.302701882210078
1207,9.181901408450704,0.3369718309859155
1208,13.64126213592233,15.145631067961165
1209,9.61476712328767,0.6587214611872146
1210,13.572264150943397,0.0
1211,12.5,0.0
1212,8.4408,5.089962962962963
1214,8.654397163120567,5.609751773049646
1218,11.29702380952381,15.545238095238094
1222,8.743032967032967,25.597582417582416
1223,7.476111111111111,1.8212962962962962
1231,9.984318181818182,2.062121212121212
1235,10.4025,0.0
1238,9.4,0.0
1240,12.864423076923078,0.0
1244,3.6245,0.0
1245,11.579391304347826,0.0
1246,12.767333333333333,0.0
1248,11.798011695906434,0.0
1249,12.654805194805194,0.0
1250,12.696631578947368,0.042105263157894736
1252,12.648024691358025,0.0
1263,8.593450704225353,12.364201877934272
1267,1.032,49.55666666666667
1269,10.039439252336448,5.50813862928349
1272,8.96037037037037,4.926851851851852
1273,10.19,3.5248062015503874
1278,9.914511278195489,4.856056808688388
1279,9.573172804532577,3.98862134088763
1281,7.779574468085106,1.298936170212766
1285,9.364448818897639,3.5406824146981624
1286,9.637525423728814,0.5331638418079097
1290,8.768947368421053,0.0
1296,11.271428571428572,0.0
1303,10.19,0.0
1304,9.02787356321839,36.006992337164746
1305,8.299999999999999,2.7000000000000006
1306,8.727132867132868,4.784809634809635
1308,8.939874686716793,10.360233918128655
1312,9.668048780487805,0.07317073170731707
1313,10.135,0.44236111111111115
1314,9.147954545454546,1.1113636363636363
1318,9.629199999999999,1.4873333333333332
1325,8.685454545454546,26.464141414141416
1327,11.067685393258428,46.32318352059925
1330,9.19064814814815,4.835648148148148
1331,11.149787685774948,42.23064401981599
1332,4.10125,141.94166666666666
1334,8.870172413793103,21.5566091954023
1336,9.75,0.0
1337,11.060282485875707,30.24303201506591
1339,8.331529411764706,11.535980392156862
1342,11.768127090301004,0.00039018952062430326
1351,8.740526315789474,9.123684210526315
1357,9.397201365187714,6.9080204778156995
1359,10.5770796460177,13.902212389380532
1361,7.822048192771085,11.649598393574298
1362,9.210340425531914,2.9056737588652486
1365,5.98152,4.644666666666667
1366,8.617452830188679,0.30660377358490565
1367,9.053734939759037,1.3876506024096384
1369,2.8386666666666667,0.0
1375,16.0,0.0
1377,9.94835294117647,11.976960784313725
1381,8.37768156424581,14.065595903165736
1383,12.391421800947867,36.305371248025274
1385,8.077931034482758,12.513793103448277
1386,10.066833976833976,58.82084942084942
1388,12.855983263598326,32.571094839609486
1390,8.452301587301587,19.196031746031746
1398,9.814784688995216,12.93664274322169
1399,10.778587962962964,47.457870370370365
1406,8.801818181818183,15.566969696969696
1407,10.07875,0.6607142857142857
1408,10.73,11.775
1409,8.546363636363637,12.697727272727274
1417,6.172,10.617777777777778
1420,9.304342105263158,2.0321271929824563
1423,2.143,12.9875
1424,7.49780701754386,7.846198830409357
1425,9.33072796934866,1.211111111111111
1426,0.0,0.0
1430,9.637857142857143,8.760515873015871
1431,10.215555555555556,6.985942760942761
1432,9.166904761904762,21.377380952380953
1433,9.057894736842105,14.103216374269005
1434,9.97595918367347,38.94612244897959
1435,6.341162790697675,109.87790697674419
1436,9.914804928131417,44.20362765229295
1437,7.989090909090908,104.73560606060606
1439,9.133982300884957,2.156637168141593
1440,8.816567164179105,47.874875621890546
1441,9.0455,73.95083333333334
1442,0.0,161.85833333333332
1443,8.652181818181818,20.442424242424245
1444,9.06109090909091,43.071333333333335
1446,9.434318181818181,60.76590909090909
1447,11.654615384615385,0.0
1448,9.212222222222222,0.021111111111111112
1450,9.841153846153846,1.1512179487179488
1452,10.790666666666665,0.0
1453,11.665142857142856,0.0
1454,10.014770114942529,4.05316091954023
1458,8.86725,13.529583333333331
1459,9.289197860962567,9.956417112299464
1461,10.18,0.0
1462,12.505416666666667,0.0
1463,10.411135135135135,0.45900900900900904
1464,9.57550185873606,0.18599752168525402
1465,8.910151515151515,0.010858585858585859
1467,10.020416666666668,1.1749999999999998
1468,9.682953586497892,0.008509142053445851
1470,9.371964285714286,2.9985119047619047
1472,8.795833333333333,0.057870370370370364
1473,7.500645161290323,0.0
1474,9.836588235294117,0.3068627450980392
1475,8.6274,0.056333333333333326
1476,7.35297619047619,13.59404761904762
1477,11.484107142857143,0.0
1478,11.482083333333334,0.0
1479,10.544841269841271,0.1544973544973545
1484,14.2909375,311.2544642857143
1485,10.928529411764705,0.0
1486,10.643333333333334,0.0
1487,10.54625,19.5
1488,12.052,0.0
1490,12.422988505747126,3.3000000000000003
1491,11.033202247191012,6.282771535580524
1492,9.539767441860464,12.791860465116278
1493,10.02206896551724,6.791570881226054
1495,9.145714285714286,20.532738095238095
1498,7.4569230769230765,45.75384615384615
1499,10.286205787781352,4.34903536977492
1504,9.845037735849056,0.5724528301886793
1512,7.215393258426966,1.6333333333333335
1515,12.737931034482758,0.0
1517,11.938511904761905,0.0
1518,7.9115126050420175,1.0483193277310925
1525,16.0,0.0
1526,10.646341463414634,0.0
1528,9.355636363636362,17.67939393939394
1529,8.587692307692308,53.95641025641025
1531,12.946551724137931,0.0
1532,11.758381502890174,0.0
1534,9.38784,20.8384
1538,9.099466666666666,9.347925925925926
1539,8.871926829268292,2.4312601626016264
1540,9.00348901098901,0.8806318681318681
1541,8.5,0.0
1543,7.355421686746988,33.8574297188755
1545,10.131935483870967,28.302016129032257
1547,3.3468181818181817,7.429545454545454
1548,10.061621621621622,0.0
1549,8.360169491525424,0.04915254237288135
1550,9.206594594594595,4.854864864864865
1551,7.283974358974358,20.64102564102564
1552,5.819411764705883,52.02107843137255
1556,10.676666666666668,0.0
1558,11.480333333333334,0.0
1559,12.481717171717172,0.0
1560,11.916470588235295,1.911764705882353
1561,8.521805555555556,0.009722222222222222
1563,5.537333333333334,36.574444444444445
1565,11.532,0.0
1566,9.699778225806451,0.179872311827957
1567,11.198689956331878,0.0
1569,8.002727272727272,55.221212121212126
1571,9.281428571428572,10.014285714285714
1573,9.026323529411764,18.124509803921566
1574,11.149159663865547,0.0
1575,9.96697247706422,7.909378185524975
1578,9.090795454545455,13.196969696969699
1580,8.660185185185185,13.104938271604935
1581,8.130285714285714,1.6852380952380952
1582,8.45037037037037,10.957407407407405
1583,9.886046511627908,3.308914728682171
1584,7.863770491803279,10.292349726775956
1585,8.988589743589744,1.1134615384615383
1586,8.124561403508773,13.160526315789474
1587,5.611875,0.8901041666666667
1588,0.0,572.2333333333333
1589,11.370967741935484,0.0
1590,11.580294117647059,0.0
1592,11.387241379310346,0.0
1593,11.361666666666666,0.0
1595,11.410483870967742,0.0
1596,10.52140625,22.215364583333333
1598,11.858910891089108,0.0
1599,10.823529411764707,0.0
1600,12.33775,0.017857142857142856
1603,10.251379310344827,4.882567049808429
1607,9.639135802469136,1.1082304526748974
1609,10.37,0.0
1611,10.212857142857143,0.0
1612,10.05,0.0
1613,10.543636363636363,0.2727272727272727
1614,9.001000000000001,0.7338888888888889
1615,9.884354838709678,1.046774193548387
1616,9.503333333333332,10.453858024691359
1617,8.693999999999999,45.8425
1619,9.057555555555554,24.730185185185185
1620,10.462619047619048,5.269642857142857
1621,9.506205128205128,7.982393162393163
1622,7.2316666666666665,2.394722222222222
1623,11.309661835748791,0.0
1625,8.922266666666665,45.85933333333333
1626,9.086,0.8
1627,9.120000000000001,0.8
1628,9.737574257425743,25.35420792079208
1629,8.814,36.329166666666666
1630,11.63141065830721,52.22878787878788
1631,6.901,57.733333333333334
1632,8.429665071770335,8.44792663476874
1633,8.45281690140845,0.23873239436619723
1634,7.1049999999999995,1.013095238095238
1635,11.53940758293839,0.0
1636,14.226642857142856,532.2857142857143
1637,10.047950310559006,5.350517598343685
1639,10.17611111111111,0.0
1640,9.38,0.0
1641,9.55,0.0
1643,7.508636363636364,2.628787878787879
1644,9.255327102803738,2.5338006230529597
1646,8.626285714285714,31.317142857142855
1650,12.30578947368421,0.0
1651,12.709440298507463,167.58756218905472
1652,9.0,0.0
1654,10.27,0.0
1655,10.129444444444443,3.619444444444445
1656,9.695434782608697,4.59411231884058
1657,8.212681564245809,9.244925512104283
1659,8.493773148148149,30.752121913580247
1660,12.151946902654869,0.0
1661,12.722222222222221,0.0
1663,11.205882352941176,0.0
1664,11.894645161290324,0.0
1665,18.520833333333332,0.0
1666,11.556915887850467,0.1268302180685358
1668,7.225483870967742,0.0
1669,10.54066091954023,1.5572796934865902
1670,9.667560975609755,1.0029810298102981
1671,9.173333333333334,6.52
1672,6.855833333333333,0.0
1673,7.584444444444444,24.706172839506173
1674,9.332589285714286,24.007440476190474
1675,11.41,0.0
1676,10.675,0.0
1677,10.39,0.0
1678,10.14,0.0
1679,9.945,5.866666666666666
1680,8.237,0.6941666666666666
1681,6.889600000000001,2.198
1682,10.062000000000001,4.706309523809524
1683,8.812604166666667,17.60199652777778
1685,8.677357630979499,62.391040242976466
1687,7.583333333333333,78.47888888888889
1688,8.054285714285715,4.402380952380953
1689,8.395999999999999,0.0
1691,9.5428,11.204333333333334
1692,9.355,0.0
1693,10.193000000000001,3.0
1694,11.42849315068493,0.0
1695,11.46271523178808,0.0
1696,11.31142857142857,0.0
1697,9.500108108108108,0.3574774774774775
1698,9.756111111111112,150.3087962962963
1699,9.898333333333333,0.40277777777777773
1700,9.613030303030303,3.1941077441077437
1701,7.217499999999999,8.795833333333333
1702,12.477777777777778,0.0
1703,22.959,0.0
1704,11.698196721311476,2.5901639344262297
1705,12.813863636363635,0.0
1707,9.816153846153846,0.8235042735042735
1708,8.984309623430962,5.0982566248256616
1709,9.075294117647058,4.260675381263616
1710,9.948,0.0
1711,8.803103448275861,37.30402298850574
1712,10.055604395604394,8.504761904761905
1713,12.056666666666667,1.9291666666666665
1714,8.790000000000001,14.650653594771242
1715,8.421746031746032,65.12195767195767
1716,8.930813953488371,8.92984496124031
1717,9.587218045112783,47.142314118629905
1718,8.205217391304348,25.92415458937198
1719,10.0,0.0
1720,6.41,154.2125
1721,9.937007874015748,0.0
1722,12.61974358974359,0.0
1725,2.097857142857143,0.4785714285714286
1726,10.148,0.0
1727,7.3066666666666675,4.172222222222222
1728,9.832377358490566,17.9314465408805
1729,9.47938144329897,3.6152920962199313
1730,9.557340425531915,3.9345744680851067
1731,9.637796610169492,14.849717514124293
1732,9.576119402985075,53.02960199004975
1734,10.706725663716814,1.5042772861356934
1735,9.964279661016949,0.6549435028248587
1736,9.46271186440678,0.7528248587570622
1737,11.658031045751633,1.9083333333333334
1738,9.462,0.0
1739,8.783950617283951,0.0
1740,9.42593220338983,25.760451977401132
1741,6.79103448275862,90.28160919540231
1742,5.025,284.15833333333336
1743,9.088,4.376666666666667
1744,9.16,1.7733333333333334
1745,9.9478125,0.0
1746,8.840434782608694,0.0
1748,12.777142857142858,0.0
1749,11.591734693877552,0.0
1750,12.649999999999999,0.0
1751,9.759285714285713,0.0
1752,9.903333333333334,0.0
1753,9.906173913043478,1.3327536231884058
1754,9.886470588235294,0.2552287581699346
1755,11.046470588235294,4.098529411764706
1756,10.84375,0.0
1757,8.989565217391304,0.21358695652173912
1758,9.040000000000001,0.2553571428571429
1759,9.159148936170213,11.708747044917258
1760,9.972287234042552,0.6295212765957446
1761,8.974864864864864,3.836711711711712
1762,10.741643835616438,0.2554794520547945
1763,10.304647887323943,1.5666666666666667
1764,9.331764705882353,15.778431372549019
1765,9.308857142857143,20.77809523809524
1766,9.433809523809524,17.9
1767,12.536842105263156,3.85
1768,9.416818181818181,18.472348484848485
1769,9.65516129032258,17.61075268817204
1770,9.525263157894736,15.615350877192983
1771,11.542845360824742,89.29429553264606
1772,9.847402597402597,0.0
1773,9.936818181818182,0.38636363636363635
1774,9.933333333333334,0.0
1775,10.68090909090909,0.9090909090909091
1776,10.881351351351352,1.0833333333333335
1778,12.487142857142857,0.0
1779,12.5,0.0
1780,11.082222222222223,0.0
1781,12.770714285714286,0.0
1782,12.725,0.0
1783,11.305,0.0
1784,9.18799086757991,1.3791476407914764
1785,12.556999999999999,0.0
1786,12.4904,0.0
1787,12.635483870967741,0.0
1788,12.513448275862068,0.0
1789,12.255142857142857,0.0
1790,12.634333333333332,0.0
1791,12.549655172413793,0.0
1792,10.766666666666667,0.0
1793,10.51,0.0
1794,11.26,0.0
1795,0.0,0.0
1796,9.683111111111112,0.5291358024691358
1797,9.25673469387755,7.50765306122449
1798,9.748723404255319,0.8113475177304964
1800,9.143333333333333,4.77156862745098
1801,9.621941747572816,6.639805825242719
1802,9.62943820224719,1.5724719101123594
1803,12.0,0.0
1804,12.055288461538462,403.84615384615387
1805,12.0,604.3708609271523
1806,10.107843137254902,0.0
1807,10.016129032258064,0.0
1808,9.8285,8.203333333333333
1809,11.454736842105262,0.0
1810,7.18140625,32.661067708333334
1811,12.196896551724137,0.0
1812,12.915263157894737,0.0
1813,12.5,0.0
1814,21.323722627737226,6.948783454987834
1815,15.930658135283362,131.1785801340646
1816,9.88907063197026,0.491635687732342
1817,10.04856,3.1846666666666663
1818,10.389024390243902,0.0
1820,13.622703488372093,253.28178294573644
1821,9.664615384615384,0.0
1822,9.89349593495935,0.0
1823,10.37,0.0
1824,10.296333333333333,0.0
1825,9.881842105263157,7.509868421052632
1826,8.598888888888888,0.0
1827,9.041507936507937,2.7449735449735444
1828,9.115714285714287,1.9541666666666668
1829,9.18206896551724,12.458045977011492
1831,8.732380952380952,0.4785714285714286
1833,9.893979057591624,6.363307155322862
1834,9.267218934911243,58.85838264299803
1836,9.142142857142856,0.12321428571428572
1837,9.109354838709677,3.1350998463901694
1838,10.09681592039801,0.09867330016583747
1839,9.365,0.6892642642642642
1840,13.886190476190476,583.7142857142857
1841,10.44095890410959,1.4773972602739724
1842,9.292027027027027,0.22995495495495494
1843,9.177802197802198,0.06923076923076923
1844,9.397336244541483,0.04163027656477438
1846,9.17186046511628,0.004780361757105943
1847,9.09952380952381,0.051322751322751325
1849,9.933838383838385,1.3351851851851853
1850,9.374598214285713,0.029910714285714284
1851,9.102916666666667,0.8604166666666667
1852,9.410196078431373,0.01241830065359477
1853,11.466,0.0
1854,9.369384615384615,0.05102564102564102
1855,9.6578515625,0.070703125
1856,9.244418604651162,1.5
1857,9.886013513513513,6.59831081081081
1858,9.488571428571428,0.6746031746031746
1859,9.055116279069768,5.456589147286821
1860,10.158009049773757,0.3098793363499246
1861,10.291325301204818,5.1819277108433734
1862,10.373709677419354,0.24052419354838708
1863,10.668924302788845,0.6722443559096946
1864,10.04076923076923,0.7762820512820513
1865,9.952102689486551,0.06279543602281988
1866,9.40673076923077,0.2685897435897436
1867,10.087703349282297,0.01634768740031898
1868,9.247333333333334,0.6359259259259259
1869,8.994736842105263,0.531578947368421
1870,11.587234042553192,4.084574468085106
1871,9.132413793103447,0.0
1872,9.129117647058823,8.940686274509805
1873,9.680652173913044,7.624396135265699
1874,9.991764705882353,0.2995098039215686
1875,9.782978723404256,3.5357269503546096
1878,9.946351931330472,0.46001430615164524
1879,10.026,1.3599999999999999
1880,11.771851851851851,0.025925925925925925
1881,9.160860215053765,1.7525089605734765
1882,12.4564,0.0
1883,11.314431818181818,0.0
1885,9.082962962962963,0.0
1886,9.866999999999999,0.0
1887,7.982105263157894,2.014912280701754
1889,9.711685393258428,0.0
1890,9.486381909547738,2.7496649916247904
1891,8.739866666666666,7.426222222222223
1892,9.840166666666667,0.0
1893,9.656702127659575,5.971631205673759
1894,9.435629629629629,3.7050617283950618
1895,10.026898734177216,0.07521097046413502
1896,10.59,0.3103448275862069
1897,10.242093023255814,0.0
1898,10.57,0.0
1899,10.408413978494623,1.8585125448028674
1900,9.994,0.0
1901,9.955499999999999,0.3
1902,10.121030303030302,0.0
1903,9.808878923766816,0.15067264573991032
1904,10.338041958041957,5.73962703962704
1905,5.644,127.66
1906,10.091578947368422,0.0
1907,9.597898550724638,0.0
1908,9.164285714285715,0.0
1909,9.931287878787879,0.0
1910,11.429666666666666,0.08333333333333333
1911,11.300232558139536,0.23255813953488372
1912,8.63,0.0
1914,8.629189189189189,0.33423423423423426
1916,9.314662576687116,0.01952965235173824
1917,9.63528409090909,0.05265151515151516
1918,8.792142857142856,14.475892857142858
1919,9.290000000000001,0.0
1920,9.647929292929293,0.04680134680134681
1921,9.00939393939394,18.445454545454545
1922,16.55896551724138,0.0
1923,8.855,0.2818181818181818
1924,8.776363636363635,0.9196969696969698
1925,9.08,5.313888888888889
1926,10.726258351893096,1.6950631031922792
1927,10.365833333333333,0.7333333333333334
1928,10.154545454545454,0.0
1929,10.046486486486486,0.06486486486486487
1930,10.441666666666666,0.0
1931,9.057799511002445,21.93133659331703
1932,9.754867256637167,0.0032448377581120944
1933,9.682068965517242,0.0
1934,10.248620689655171,0.0
1935,9.697737226277372,0.4923357664233577
1936,9.216101694915254,4.900376647834275
1937,9.41,0.4666666666666667
1938,9.880305676855896,0.0
1939,10.37,0.0
1940,9.4890625,19.76666666666667
1941,9.717350427350429,5.632621082621083
1942,9.577288135593221,0.0
1943,10.495,3.6958333333333333
1944,11.944659949622165,0.08942065491183879
1947,8.394181818181819,1.4257575757575758
1948,8.453235294117647,2.2495098039215686
1949,9.106,0.0
1950,8.302631578947368,2.5649122807017544
1951,9.923461538461538,1.4326923076923077
1952,7.233333333333333,103.33333333333333
1953,10.55,0.0
1954,9.177424242424243,0.0
1955,8.518333333333333,1.8819444444444444
1956,9.678809523809523,0.6226190476190476
1957,8.50512893982808,4.305873925501433
1958,8.605507246376812,2.470169082125604
1959,10.181739130434783,72.51952707856599
1960,10.4959375,69.84114583333333
1961,8.25770083102493,10.267313019390581
1962,7.890000000000001,0.3111111111111111
1963,12.22331797235023,76.59807987711213
1964,9.515896103896104,17.093333333333334
1965,9.183148148148147,0.21388888888888888
1966,9.110196078431372,48.37522875816993
1967,6.36,38.15
1969,8.499791666666667,3.9293402777777775
1970,9.433309352517986,0.025659472422062353
1971,9.5846875,0.0
1972,7.389333333333334,15.83888888888889
1973,9.083571428571428,25.601190476190478
1975,12.566647230320699,164.45009718172983
1976,12.70221238938053,59.747935103244835
1979,9.4665,0.0
1980,10.914857142857143,63.608809523809526
1981,10.84668918918919,3.5611486486486488
1982,11.303045454545455,7.305378787878788
1983,11.468148148148147,4.63070987654321
1984,10.888470588235293,11.468039215686273
1985,11.86752,62.7324
1986,8.850263157894737,14.156140350877195
1987,9.048602150537635,5.820967741935484
1988,9.964689655172414,6.453908045977011
1989,10.035,0.8698717948717949
1990,10.306929824561404,2.657748538011696
1993,9.606881720430106,0.0
1994,11.0,0.0
1995,10.831843137254902,0.0
1996,8.532769230769231,2.7047435897435896
1997,0.0,588.8166666666667
1998,8.31840579710145,0.3985507246376812
1999,9.050748031496063,11.273622047244094
2000,8.527608695652173,18.956884057971013
2001,9.785,0.0
2002,10.383833333333333,61.46055555555555
2003,12.746666666666668,0.0
2004,11.31,1.7458333333333333
2005,12.953999999999999,0.0
2006,10.49593984962406,2.018379281537176
2007,10.193387096774194,0.00492831541218638
2008,9.693505154639174,2.3829896907216495
2009,10.566666666666666,65.98189964157706
2010,10.546838407494144,95.39188134270103
2011,9.459444444444445,0.0
2012,9.0,0.0
2013,9.560212765957447,21.863396375098503
2014,14.004893617021278,0.0
2015,10.91235294117647,0.041176470588235294
2016,12.055659340659341,0.38543956043956046
2017,10.24906329113924,38.34067510548523
2019,8.84058659217877,38.425186219739295
2020,9.51304347826087,0.00024154589371980678
2021,9.119390243902439,6.70650406504065
2022,9.180941704035874,4.772496263079223
2023,9.303478260869564,0.21304347826086956
2024,9.255140186915888,0.31214953271028034
2025,10.164473684210526,0.2087719298245614
2026,10.7226,0.5786666666666667
2027,9.372053231939162,27.64429657794677
2029,9.09608695652174,0.0
2030,14.514545454545454,0.3481060606060606
2031,12.00361111111111,2.3497685185185184
2032,9.602285714285713,0.06666666666666667
2033,9.520331125827814,0.10607064017660044
2034,9.572710843373494,0.0
2035,9.411354166666667,0.10416666666666669
2036,9.989683377308708,22.97467018469657
2037,9.502380952380953,0.503968253968254
2038,9.646666666666667,3.8525252525252522
2039,10.039166666666667,11.059166666666666
2040,9.70935960591133,18.04006568144499
2042,7.435555555555556,0.0
2043,9.119714285714286,23.374761904761904
2044,9.981421568627452,0.0
2045,10.06294930875576,0.024884792626728113
2046,8.215126050420169,4.53921568627451
2048,9.61496551724138,0.2833333333333333
2049,9.324893617021276,0.30611702127659574
2050,9.440773480662983,0.036003683241252304
2051,9.23169696969697,1.4744444444444444
2053,10.11382530120482,1.8155622489959842
2054,9.929775280898877,0.0
2055,9.467894736842107,0.0
2056,8.88529411764706,0.3088235294117647
2057,9.624480874316939,2.988524590163934
2059,9.82468253968254,0.0
2060,9.70859872611465,0.2627388535031847
2061,9.252105263157894,0.0
2062,9.785449101796408,0.0
2063,9.681283422459893,41.68983957219251
2064,9.29450354609929,31.94060283687943
2065,10.633668639053253,6.2433925049309655
2066,8.896521739130435,161.86400966183575
2068,10.181906077348065,9.107458563535912
2069,12.604761904761904,247.43253968253967
2070,7.54575,21.860833333333336
2072,8.354517374517375,0.4858429858429858
2073,9.766619718309858,4.490766823161189
2074,12.0,600.0
2075,9.290000000000001,0.0
2076,9.348857142857142,0.011904761904761906
2077,9.371333333333332,0.0
2078,9.3492,0.0
2079,12.13221649484536,0.0
2080,9.8641,0.35483333333333333
2081,9.33875,0.08958333333333333
2082,9.1935,4.676666666666667
2083,11.253225806451614,0.044623655913978495
2085,9.39547619047619,0.7712962962962964
2086,9.84450867052023,1.0034682080924855
2088,10.99700507614213,13.51336717428088
2089,9.632870967741935,6.09005376344086
2090,8.336666666666666,0.0
2091,9.292333333333334,2.0
2092,9.327307692307691,0.0
2093,11.125,0.0
2094,10.300887728459529,42.96853785900783
2095,9.9,0.0
2096,9.902000000000001,0.0
2097,9.62552,3.000044444444445
2098,9.376521739130435,0.17608695652173917
2100,9.408999999999999,1.8476666666666668
2101,9.508301886792452,0.24287211740041928
2102,9.229006211180124,0.3521739130434782
2103,9.72012048192771,0.0
2104,9.611444444444444,0.0
2105,9.720694444444444,0.1755787037037037
2106,9.560426829268293,0.0
2107,9.581757575757576,5.326060606060606
2109,10.342923076923077,54.95923076923077
2110,9.283626373626374,17.008608058608058
2111,9.249081632653061,36.42040816326531
2112,10.3965,79.19583333333334
2113,9.421538461538463,0.0
2114,9.33361111111111,0.0
2116,9.624261363636363,0.01268939393939394
2117,9.214107142857143,9.773809523809524
2119,9.209413919413919,55.97136752136752
2120,9.500507246376811,0.16485507246376813
2121,11.697303370786516,0.2794007490636704
2122,9.933161290322582,0.18849462365591396
2123,9.887551020408164,0.0
2124,8.674262295081967,21.37103825136612
2125,9.903333333333332,0.0
2126,10.343003095975233,1.3674922600619195
2127,8.454255319148936,28.576950354609927
2128,10.019333333333332,309.4152777777778
2129,9.32090909090909,26.92651515151515
2130,9.733,29.694166666666668
2132,9.64621301775148,0.0
2133,9.5080625,0.06531250000000001
2134,1.32,436.7
2135,10.230238726790452,49.033023872679045
2136,8.475352112676056,3.167605633802817
2137,9.525722543352602,0.03940269749518304
2138,9.497910447761194,0.20945273631840797
2139,9.361764705882353,0.0
2140,10.301343283582089,6.799253731343284
2141,11.784444444444444,0.0
2142,10.524711538461538,5.439903846153846
2143,8.638444444444445,0.6444444444444445
2144,9.145,0.0
2146,11.13733905579399,323.17596566523605
2147,9.596493506493506,0.08365800865800865
2148,9.616195652173914,0.06403985507246376
2149,9.458378378378377,2.7594594594594595
2150,9.516054421768708,0.36746031746031743
2152,9.1075,0.0
2153,9.517094017094017,0.0
2154,10.5,0.0
2156,11.94047619047619,0.0
2157,10.805970149253731,0.0
2158,9.920250783699059,0.7580459770114942
2159,9.503275862068966,10.160919540229886
2160,9.662295081967214,9.532149362477233
2161,10.3459902200489,37.63887530562347
2162,8.878636363636364,5.362424242424242
2163,8.90933962264151,2.480503144654088
2164,10.301377777777777,46.98911111111111
2165,12.221704545454545,60.38181818181818
2166,9.816442307692308,2.9360576923076924
2167,10.609166666666667,0.0
2168,9.443387978142077,33.41498178506375
2169,9.3082,0.257
2170,8.660666666666666,33.35333333333333
2171,9.675223880597015,0.16803482587064675
2172,9.214038461538461,0.0
2173,9.466756756756757,0.002027027027027027
2174,10.110083333333334,2.2485416666666667
2175,9.5,0.0
2176,9.108,0.41
2177,9.158695652173913,0.6268115942028986
2178,9.255544554455446,1.3577557755775578
2179,9.458,0.0
2180,9.0,0.0
2181,9.0,0.0
2184,9.472533333333335,8.940000000000001
2185,9.749076923076922,0.40897435897435896
2186,9.166666666666666,0.0
2187,10.583013698630136,0.7796803652968036
2188,10.369411764705882,0.5088235294117647
2189,9.852777777777778,0.6020833333333333
2190,11.496666666666668,0.0
2191,8.724545454545455,0.0
2193,9.471951219512196,1.4873983739837398
2195,9.638666666666667,0.0
2196,9.547227722772277,1.9879537953795379
2197,8.053333333333333,35.67539682539683
2198,10.140775862068965,4.872988505747126
2199,8.977857142857143,18.14107142857143
2200,9.488082191780823,3.9848173515981733
2202,9.038181818181819,0.0
2203,9.4675,0.0
2204,10.26413043478261,0.007004830917874396
2207,12.784065934065934,64.12087912087912
2208,9.780058651026392,33.24740957966765
2209,10.371882352941176,40.87132352941177
2210,8.993116883116883,0.2392857142857143
2211,9.289047619047619,2.555555555555556
2212,9.707826086956521,0.41485507246376807
2213,9.78728323699422,0.016955684007707132
2214,9.611880341880342,0.2301994301994302
2215,8.288888888888888,7.992592592592593
2216,10.12,0.0
2217,10.03,0.0
2218,12.0,0.0
2220,6.771857142857143,29.947857142857142
2221,9.664477611940299,0.0
2222,9.721,5.91
2223,9.67,0.0
2225,8.828235294117647,26.985434173669468
2226,9.988494623655914,0.4706093189964158
2227,9.302857142857142,3.7608843537414964
2228,9.941267605633803,0.003755868544600939
2229,10.392,0.0
2230,9.535769230769231,0.0
2231,9.48020202020202,0.14326599326599326
2233,11.81693023255814,3.7745736434108528
2234,9.306666666666667,7.338888888888889
2235,9.29,7.283333333333334
2236,8.578125,25.263541666666665
2237,8.718435374149658,0.38900226757369616
2238,9.749204892966361,7.645361875637105
2239,10.964545454545455,0.0
2240,9.420714285714286,0.12238095238095238
2241,9.93132075471698,3.7395178197064984
2242,9.42,0.0
2243,9.585681818181818,2.000189393939394
2244,12.387692307692307,2.055128205128205
2245,11.279411764705882,6.346568627450981
2246,8.885864661654136,0.0
2247,10.8972,0.0
2249,9.022151898734178,0.0
2251,9.943333333333333,0.0
2252,7.72,85.35
2254,10.525052083333334,0.0
2255,9.652371134020619,0.016323024054982815
2256,10.618,0.0
2257,9.52013698630137,12.944520547945206
2258,9.564,0.29
2259,12.52640625,0.0
2260,12.268695652173914,0.7097826086956524
2261,11.4325,6.484722222222222
2262,12.521166666666666,0.3811111111111111
2263,12.277407407407408,1.4524691358024693
2264,12.3859375,11.392708333333333
2265,12.153050847457626,0.41412429378531074
2267,12.380264423076921,2.2590945512820513
2268,9.618683473389355,9.064705882352941
2269,9.627664233576642,0.06508515815085159
2270,9.973815789473685,3.945687134502924
2271,9.553064516129032,5.7061827956989255
2272,9.308899082568807,4.757645259938839
2273,9.601315789473684,5.779385964912281
2274,9.7556783919598,4.310469011725293
2275,73.14285714285714,0.0
2276,9.448703703703703,0.2080246913580247
2277,8.265267857142858,2.4282738095238097
2278,9.44570093457944,36.4619937694704
2279,10.828072289156626,0.07008032128514056
2280,9.420399999999999,3.0626666666666664
2281,9.635454545454545,0.2818181818181818
2282,9.67235294117647,0.9102941176470588
2283,9.66712643678161,6.193103448275862
2284,9.276666666666666,2.65
2286,10.99140350877193,69.67631578947369
2290,4.098000000000001,190.28666666666666
2291,9.001851851851852,2.1574074074074074
2296,9.519642857142857,0.0
2297,10.312809917355372,0.0
2298,7.514,0.0
2299,9.648924731182795,0.0
2300,10.447128712871288,0.11155115511551156
2301,9.298461538461538,0.0
2302,10.089354838709676,0.07903225806451614
2304,10.053870967741936,0.0
2305,9.697708333333333,0.11614583333333332
2306,9.84235294117647,0.049019607843137254
2307,9.80846153846154,0.9135531135531134
2308,9.893513513513513,0.0
2309,9.7564,0.0
2310,8.656391752577319,0.49450171821305844
2311,9.609,2.9
2312,9.683636363636364,3.4545454545454546
2313,10.180736434108528,5.4672480620155035
2314,9.418333333333333,143.92777777777778
2316,9.822702702702703,0.6851351351351351
2317,9.110666666666667,0.35777777777777775
2318,9.537142857142857,0.0
2319,10.135,0.0
2320,8.327142857142857,6.454761904761904
2321,9.439473684210526,0.6362573099415204
2322,9.907088607594936,0.0
2323,9.72188888888889,0.6487037037037037
2324,9.231463414634147,0.0
2325,8.389129032258065,6.5327956989247316
2326,9.262666666666666,0.0
2327,9.737625,0.15145833333333333
2328,9.852857142857143,3.983333333333334
2329,9.42558359621451,30.36535226077813
2330,8.947564102564103,15.817307692307692
2331,9.519411764705882,0.17372549019607844
2332,9.585333333333333,0.02486772486772487
2333,9.420666666666667,0.7211111111111111
2334,9.762061855670103,0.09020618556701031
2337,9.67,0.22410714285714287
2338,9.759135802469135,0.0205761316872428
2339,9.603983050847457,17.537005649717514
2341,9.26940594059406,1.5019801980198018
2342,9.827741935483871,0.13172043010752688
2343,9.706923076923077,0.0
2344,9.86496062992126,0.43989501312335955
2345,9.560160427807487,0.10258467023172904
2346,9.769176470588235,14.057843137254903
2347,9.572934782608696,0.275
2348,9.75159420289855,4.5830917874396135
2349,9.5372,2.5153333333333334
2350,4.935,0.0
2351,9.645882352941175,0.5906862745098039
2352,10.847142857142858,9.142857142857142
2353,10.847142857142858,9.142857142857142
2354,10.847142857142858,9.142857142857142
2355,9.892978723404255,10.425531914893616
2356,10.730666666666668,5.0
2357,10.786,12.8
2358,10.786,12.8
2360,9.91,0.07136150234741784
2361,9.786666666666667,0.2806763285024155
2362,9.404516129032258,0.1693548387096774
2363,9.118666666666666,0.12722222222222224
2364,9.744776119402985,4.290547263681592
2365,10.024358974358973,0.460042735042735
2366,8.160131578947368,3.1826754385964913
2367,0.0,541.2
2368,9.28029702970297,3.5625412541254127
2369,12.469285714285714,0.5593253968253968
2370,11.389503311258279,6.405629139072848
2371,8.336436170212766,5.0140957446808505
2372,9.543896103896104,0.4653679653679654
2376,12.302834645669291,4.712270341207349
2377,8.512446043165468,21.5431654676259
2378,9.242332015810277,44.01851119894598
2379,9.768222222222223,11.492222222222221
2380,9.811414141414142,0.04511784511784512
2381,9.669090909090908,2.3563636363636364
2382,9.487078651685394,0.0
2383,10.182692307692308,0.0
2384,9.376064981949458,8.623766546329723
2385,9.320753424657534,0.5027397260273972
2386,11.551136363636363,0.0
2387,12.173534743202417,0.0
2388,6.288571428571428,262.4714285714286
2389,9.094821428571429,14.029761904761903
2390,7.96969696969697,5.151515151515151
2391,7.96969696969697,5.151515151515151
2392,10.213807339449541,70.92232415902141
2393,9.39255319148936,21.621276595744682
2394,10.601086956521739,0.0
2395,9.793048780487805,0.37764227642276427
2396,9.42080985915493,0.0
2397,10.403170731707316,0.0
2398,10.597391304347827,0.0
2399,9.350909090909092,2.2712121212121215
2401,10.225999999999999,0.8
2402,9.903454545454546,13.85919191919192
2404,9.64,0.0
2406,9.74876582278481,7.260706751054852
2408,9.642727272727273,0.0
2409,11.0,0.0
2410,10.952928348909657,0.0
2411,10.506666666666666,0.0
2412,6.0,0.11666666666666665
2414,9.409375,0.0
2415,9.335277777777778,0.6824074074074074
2416,9.3,0.4348958333333333
2417,9.2925,0.31666666666666665
2418,9.126111111111111,0.3453703703703704
2420,9.0,0.0
2421,10.227333333333332,0.0
2423,9.0,0.0
2424,9.0,0.0
2425,9.623953488372093,1.2391472868217053
2427,10.48463687150838,21.31806331471136
2428,9.671654676258992,9.49136690647482
2429,10.017785016286645,13.389196525515745
2430,10.430486891385767,75.41186017478152
2431,11.17,4.461896551724137
2432,12.577660167130919,3.4898792943361188
2433,8.433116883116883,1.3766233766233766
2434,10.59623076923077,0.3958974358974359
2435,9.998932038834953,0.23042071197411004
2436,9.702553191489361,10.559929078014184
2437,10.0,0.0
2438,10.357692307692307,0.0
2439,10.428536585365853,0.0
2440,10.587142857142858,0.033116883116883114
2441,9.23,0.0
2442,9.42375,0.0
2443,9.791956521739131,0.7347826086956522
2444,8.656428571428572,0.569047619047619
2446,8.266821705426358,11.231912144702843
2447,0.0,0.0
2448,9.19025,2.4154166666666668
2449,9.8208,1.4626666666666668
2450,9.903820598006645,4.697729789590255
2451,9.693983739837398,1.6913279132791328
2452,10.248974358974358,0.0
2453,9.84329931972789,3.2415532879818594
2454,10.1966875,3.400416666666666
2455,11.49521472392638,2.818558282208589
2457,10.595,1.1500000000000001
2458,12.710411764705881,20.062549019607843
2459,9.59,0.0
2460,10.082105263157894,0.0
2461,8.59668016194332,19.35087719298246
2462,10.364313725490197,0.021241830065359475
2466,9.740095238095238,5.168571428571429
2467,9.946379310344827,0.021264367816091954
2468,12.290804953560372,0.18575851393188855
2469,10.367111111111111,0.0
2470,10.254615384615384,0.0
2471,9.841578947368422,0.0
2472,9.936923076923078,0.7773504273504274
2473,9.851666666666667,0.09781746031746032
2474,9.974242424242423,0.17727272727272725
2475,9.702231404958678,0.0
2476,10.284864864864865,0.5468468468468469
2477,11.54114478114478,3.285297418630752
2478,16.80050295857988,1.8267751479289942
2480,10.277014925373134,5.114925373134328
2481,9.841666666666667,1.6437499999999998
2482,9.78984126984127,0.0
2483,9.757843137254902,0.0
2484,9.16622009569378,1.1862041467304625
2485,9.161434977578475,0.40747384155455907
2486,9.049999999999999,3.568421052631579
2487,10.063125000000001,0.13055555555555556
2488,9.976666666666667,0.0
2489,9.927857142857144,0.0
2490,11.0,0.0
2491,11.136205533596838,2.8930171277997365
2493,9.58,0.0
2495,12.313157894736841,0.0
2496,10.710338983050846,0.0
2498,9.814615384615385,0.0
2499,10.440816326530612,0.0
2500,10.053488372093023,0.0
2503,9.455652173913043,0.0
2504,8.812616822429908,13.70981308411215
2505,10.003686274509803,88.11503267973856
2506,10.222752613240418,42.77642276422765
2507,9.640833333333333,0.0
2508,9.998571428571427,1.9095238095238096
2509,10.32949152542373,0.1957627118644068
2510,10.32132530120482,0.0
2512,12.67475,0.0
2513,12.360882352941175,0.0
2514,12.50909090909091,0.0
2515,12.537179487179486,0.0
2516,9.979999999999999,0.0
2517,9.9725,0.0
2518,10.12625,0.0
2519,9.834,0.0
2520,9.308181818181819,0.0
2521,9.692727272727273,0.0
2522,9.705,0.0
2523,9.745061728395061,0.25411522633744854
2524,10.379333333333333,0.0
2526,7.248717948717949,35.603846153846156
2527,8.838,7.131333333333333
2529,9.645454545454545,1.1303030303030304
2530,13.343250000000001,3.8104166666666672
2531,9.863598326359833,22.527126917712692
2532,8.768619047619048,49.14325396825397
2533,10.51152777777778,25.49722222222222
2535,9.734137931034484,0.5867816091954022
2536,8.280486725663717,14.179941002949851
2538,11.61,0.0
2540,9.075000000000001,6.069444444444444
2541,12.7216,0.0
2542,12.848235294117648,0.0
2543,12.808000000000002,0.0
2544,11.9571875,0.0
2545,11.861785714285714,0.0
2546,10.623731343283582,0.0
2548,9.956666666666667,0.0
2550,9.57,0.0
2551,10.625836575875487,0.40531776913099865
2552,10.412849740932643,4.376424870466321
2553,9.540000000000001,2.0500000000000003
2554,12.8125,0.0
2555,12.9832905982906,13.614529914529916
2556,13.201322314049586,28.610330578512396
2557,9.765,5.590277777777778
2558,9.985333333333333,0.0
2559,9.746949152542374,0.1957627118644068
2560,9.99578947368421,0.05087719298245614
2561,9.850923076923078,0.382991452991453
2562,8.150972222222222,41.943518518518516
2563,9.725833333333332,0.0
2564,9.86439024390244,0.016666666666666666
2565,9.751204819277108,8.042971887550202
2566,9.902068965517241,0.12528735632183907
2567,9.832,0.010666666666666666
2568,10.486363636363636,2.9838383838383837
2569,8.837093596059114,18.576600985221674
2570,9.586666666666668,1.4138888888888888
2572,8.925570776255707,10.0468797564688
2573,9.940538116591927,6.041330343796711
2574,10.323164556962025,40.15239099859353
2575,7.994545454545454,5.6439393939393945
2576,4.0,0.0
2577,4.5,0.0
2578,4.285714285714286,0.0
2579,5.666666666666667,0.0
2580,4.0,0.0
2581,4.833333333333333,0.0
2582,3.8333333333333335,0.0
2583,9.82875,0.0
2584,9.648416666666666,1.2922222222222222
2585,10.018571428571429,0.18095238095238095
2586,9.862307692307693,0.0
2587,9.837142857142856,0.0
2588,12.005245901639345,1.3644808743169399
2590,8.022173913043478,22.300724637681157
2591,10.466550218340611,14.233333333333334
2592,9.719272727272726,0.0
2593,8.765,33.3
2594,9.93037037037037,49.817548500881834
2596,9.041791044776119,0.0028606965174129352
2597,9.243519553072625,42.59050279329609
2598,9.089090909090908,11.95
2599,9.42925925925926,0.3506172839506173
2600,9.43,126.72999999999999
2601,8.897356321839082,0.0
2602,9.083157894736841,0.30526315789473685
2603,9.49578947368421,0.6510526315789474
2604,8.817684210526314,13.171052631578947
2606,9.476666666666667,4.373255813953488
2607,9.179294117647059,8.369411764705882
2608,9.647943925233644,0.39626168224299063
2609,8.111176470588234,31.71764705882353
2610,11.478157894736842,0.0
2611,9.260777777777777,596.742037037037
2612,10.065833333333334,155.99722222222223
2613,10.571136363636365,646.0739393939393
2614,10.032941176470588,0.04509803921568628
2615,9.815454545454545,0.0
2616,9.564285714285715,0.0
2617,9.5765625,0.60703125
2618,9.8185,0.5
2619,9.89857142857143,0.0
2620,9.875714285714285,0.0
2621,9.29,2.2625
2622,8.824774774774774,13.258708708708708
2623,9.301538461538462,3.0884615384615386
2624,12.394430379746835,25.197995780590716
2625,8.28,366.49722222222226
2627,12.038969072164948,22.634364261168386
2628,13.24189189189189,3.8506756756756757
2631,9.539722222222222,0.1457175925925926
2632,10.117452830188679,0.0
2633,10.12,0.0
2634,13.014615384615384,1.830769230769231
2635,9.443000000000001,0.0
2636,7.977777777777778,610.174074074074
2637,10.076062992125985,9.457874015748033
2638,8.010666666666667,578.9933333333333
2639,8.451891891891893,623.7436936936937
2640,10.044210526315789,0.21842105263157896
2641,9.493555555555556,0.2662962962962963
2642,9.278,12.889411764705882
2643,10.715909090909092,1.8335858585858587
2644,10.036329113924051,0.15569620253164557
2645,9.593636363636364,0.0
2646,9.657499999999999,0.0
2647,9.637,0.0
2648,9.862291666666666,0.0
2649,9.894565217391303,0.0
2650,10.126666666666667,0.0
2651,9.548767123287671,0.047031963470319633
2652,9.879473684210527,1.3833333333333335
2653,10.005454545454546,0.0
2654,9.8825,0.0
2655,9.977264150943395,8.337421383647799
2656,9.873706293706293,6.076456876456876
2657,9.855,0.0
2658,9.547,0.0
2659,9.42235294117647,0.0029411764705882353
2660,9.26311320754717,0.715566037735849
2661,9.631,12.23
2663,9.538548387096775,0.8145161290322581
2664,9.47621052631579,7.820175438596491
2665,9.53611650485437,6.447087378640776
2666,9.128974358974359,6.903846153846154
2667,10.084464285714287,0.20267857142857143
2668,9.440366972477063,0.7587155963302753
2669,10.080461538461538,0.0
2670,9.794318181818182,0.2113636363636364
2671,9.647727272727273,0.11621212121212121
2672,9.627307692307692,5.131196581196582
2673,13.107872340425532,0.0
2674,9.602079999999999,0.6449333333333334
2675,9.793111111111111,3.74962962962963
2676,10.71,0.0
2677,9.815666666666667,0.19722222222222222
2678,11.960749999999999,0.0
2679,9.274909090909091,0.7192424242424241
2680,9.398761904761905,2.3566666666666665
2681,9.248372093023256,0.5118217054263566
2682,9.435384615384615,1.201068376068376
2683,9.648484848484848,0.22500000000000003
2684,9.256829268292684,4.123780487804877
2685,9.911,0.0
2686,4.7,256.0083333333333
2687,8.66125,68.475
2688,9.998076923076923,0.0
2689,9.67,0.0
2690,9.57,1.0
2691,10.163636363636364,0.09090909090909091
2692,9.396125000000001,0.29020833333333335
2693,12.981666666666667,604.9916666666667
2694,8.31367816091954,688.1350574712644
2695,9.856962025316456,0.20210970464135022
2696,0.0,545.0166666666667
2697,9.850869565217392,0.0
2698,9.455,2.2818181818181817
2699,9.51625,3.2604166666666665
2700,9.12632183908046,9.768965517241378
2701,8.429484536082473,16.463745704467353
2702,10.017142857142858,0.058333333333333334
2703,9.75,1.0166666666666666
2704,9.751999999999999,1.1666666666666665
2705,9.682028985507246,11.73961352657005
2707,9.940138888888889,7.4624999999999995
2708,10.57,0.0
2709,8.565806451612904,19.501254480286736
2710,4.775,280.95
2711,9.202857142857143,20.11845238095238
2712,8.700681818181819,15.873295454545454
2713,9.646428571428572,0.08469387755102041
2714,8.76271186440678,3.2954802259887006
2715,8.344390243902438,13.567073170731707
2716,9.65895238095238,5.346984126984126
2717,6.5633333333333335,205.2111111111111
2718,9.626666666666667,0.0
2719,9.754615384615384,0.3705128205128205
2721,9.20072463768116,0.3847826086956521
2722,9.16635294117647,0.0023529411764705885
2723,10.010250000000001,12.527916666666666
2724,9.25,0.0
2725,9.436521739130434,9.177536231884059
2726,9.854788732394367,0.20727699530516433
2727,9.893666666666666,0.45055555555555554
2728,9.520909090909091,0.0
2729,9.556216216216216,0.06351351351351352
2730,8.692957746478873,11.86525821596244
2731,9.975116279069768,30.863953488372093
2732,8.596851851851852,32.175617283950615
2733,9.01,20.333333333333332
2734,9.871162790697674,15.62829457364341
2735,9.232142857142858,7.846428571428571
2736,8.805294117647058,14.227450980392158
2737,8.964878048780488,20.63719512195122
2738,8.980526315789474,29.178947368421053
2739,9.998000000000001,0.0
2740,10.097407407407408,0.0
2741,9.880384615384616,0.07435897435897436
2742,9.834074074074074,2.3172839506172838
2743,9.401044776119402,0.13656716417910447
2744,9.57047619047619,0.6067460317460318
2745,9.3853125,0.14453125
2746,9.387358490566037,0.0
2747,9.37125,0.0
2748,8.789607843137254,0.5784313725490197
2749,9.697647058823529,0.0
2750,9.455,0.0
2751,9.285915492957745,0.0
2752,9.975999999999999,4.2299999999999995
2753,9.433529411764706,0.08259803921568627
2754,9.518076923076922,0.0
2755,10.017411764705882,0.4194117647058823
2756,9.71625,0.0
2757,10.309264705882352,1.7137254901960783
2758,9.256363636363636,0.0
2759,9.273382352941177,5.447794117647058
2760,9.735074626865671,0.0
2761,9.572857142857144,0.6035714285714285
2762,9.274307692307692,1.4776923076923076
2763,10.210588235294118,0.5088235294117647
2764,9.1062,0.5023333333333333
2765,9.476,0.0
2766,9.563506493506493,7.627056277056277
2767,10.166428571428572,0.0
2768,9.441058823529412,0.20784313725490197
2769,10.414,0.0
2770,9.140454545454546,8.243181818181817
2771,8.880394736842105,32.56228070175438
2772,9.63676923076923,0.10384615384615385
2773,9.076744186046511,0.03953488372093023
2774,9.198513513513513,0.636036036036036
2775,9.114285714285714,0.5690476190476191
2776,0.0,24.3
2777,9.040757575757576,1.6656565656565656
2778,8.424509803921568,0.19052287581699345
2779,8.628461538461538,13.597435897435897
2780,9.5825,1.8305555555555557
2781,9.656346153846155,11.016346153846154
2782,9.024444444444445,4.1462962962962955
2783,9.51575,4.480416666666667
2784,9.88861111111111,2.4199074074074076
2785,9.926875,0.4848958333333333
2786,9.79,0.0
2788,9.405283018867925,6.155031446540881
2789,9.853333333333333,0.8355555555555555
2790,10.902272727272727,14.606818181818182
2791,9.525333333333332,1.1053333333333333
2792,7.412424242424243,1.2883838383838384
2793,8.78625,36.844791666666666
2796,9.854782608695652,0.0
2797,9.593013698630136,8.228538812785388
2798,12.65090909090909,5.409090909090909
2799,9.0432,0.0
2800,9.115208333333333,0.6315972222222223
2801,9.378333333333334,0.20763888888888885
2802,9.063181818181818,0.04722222222222222
2803,9.186222222222222,0.7881481481481482
2804,9.5675,0.6625
2805,9.330789473684211,0.4390350877192983
2806,9.049999999999999,1.1263157894736842
2807,9.464285714285714,2.330952380952381
2808,9.36,2.6619047619047618
2809,9.266153846153845,3.448717948717949
2810,9.034736842105263,0.2473684210526316
2811,10.472608695652173,21.177053140096618
2812,9.884166666666667,23.49722222222222
2813,8.910517241379312,8.104885057471265
2814,10.07,4.8125
2815,9.230344827586206,0.15402298850574714
2816,9.409285714285714,0.0
2817,9.06,23.25
2818,9.335714285714285,0.028571428571428574
2819,8.915454545454546,0.01515151515151515
2820,9.977272727272727,0.0
2821,9.9375,0.0
2822,9.941799999999999,0.0
2823,9.60925,0.66125
2824,9.77,0.8573643410852714
2825,9.204444444444444,8.042592592592591
2826,9.747916666666667,0.37152777777777773
2827,9.8598,0.14666666666666667
2828,9.983181818181817,0.0
2829,9.988387096774193,0.0
2831,8.396964285714287,0.24464285714285713
2835,9.281162790697675,2.1794573643410855
2836,7.953684210526316,5.849561403508772
2837,10.015555555555556,0.5074074074074074
2838,5.977083333333333,0.38055555555555554
2841,9.345405405405405,1.0977477477477475
2842,9.5378125,2.9390625
2843,19.235294117647058,0.0
2845,9.643636363636364,0.0
2846,9.757692307692308,0.12948717948717947
2847,9.7055,3.003333333333333
2848,9.844901960784313,0.9761437908496732
2849,9.5,0.0
2850,9.637555555555556,0.09296296296296297
2851,9.655555555555555,6.688518518518519
2852,9.594130434782608,6.826449275362319
2853,9.685892857142857,0.0
2854,10.110263157894737,0.0
2855,8.92735294117647,1.046078431372549
2856,11.24764705882353,19.652941176470588
2857,9.884285714285713,0.0
2858,9.680499999999999,1.0729166666666667
2859,9.19462962962963,0.0
2860,9.645,0.0
2861,10.060652173913043,0.0
2862,9.35897435897436,0.0
2863,9.35,0.745
2864,9.074,0.05285714285714285
2865,8.36695652173913,1.1942028985507247
2866,9.258571428571429,0.8321428571428572
2867,9.12,12.916666666666666
2868,7.8342857142857145,80.27380952380953
2869,9.37375,33.93958333333333
2870,13.973684210526315,0.0
2871,10.417857142857143,3.7833333333333337
2872,10.315,3.642857142857143
2873,9.8128,0.0
2874,9.83206896551724,0.0
2875,10.081034482758621,0.1281609195402299
2876,9.533076923076923,0.7916666666666666
2877,9.687727272727273,0.0
2878,9.451304347826087,0.0
2879,10.31860465116279,1.346124031007752
2880,8.993488372093024,0.2507751937984496
2881,8.639666666666667,0.0
2882,8.536071428571429,0.0
2884,0.0,303.68333333333334
2885,9.734074074074075,0.0
2887,9.0265,0.014166666666666666
2888,8.273157894736842,0.03464912280701754
2890,10.58390243902439,64.32479674796748
2891,9.29125,0.81875
2892,8.788,0.0
2893,8.42,5.112962962962963
2894,9.374444444444444,0.0
2895,9.242380952380952,0.0
2896,9.325,0.43333333333333335
2897,9.315,1.3416666666666666
2898,9.02,5.316666666666666
2899,9.19,0.0
2900,9.653793103448276,0.0
2901,9.343666666666667,0.1322222222222222
2902,9.5275,5.758333333333334
2903,9.458499999999999,11.392916666666666
2904,9.736666666666666,1.0826388888888887
2905,9.735199999999999,0.0
2906,9.655238095238095,0.28095238095238095
2907,9.634545454545455,0.7893939393939394
2908,9.805714285714286,0.8035714285714286
2909,9.795,0.3318181818181818
2910,9.657894736842104,0.0
2911,9.851578947368422,0.0
2912,9.85125,0.0
2913,9.489411764705881,2.2490196078431373
2914,9.553809523809523,1.6253968253968254
2915,9.708461538461538,2.95
2916,9.82,0.0
2918,8.453461538461537,0.0
2919,9.725,1.675
2920,9.298333333333334,0.0
2922,13.147674418604652,75.55232558139535
2923,11.66,0.0
2924,9.578571428571427,2.8595238095238096
2925,9.687368421052632,0.1307017543859649
2926,9.5235,2.0149999999999997
2927,9.669473684210526,0.29824561403508776
2928,9.752857142857142,0.0
2929,10.210769230769232,0.0
2930,10.004666666666667,0.0
2931,9.811818181818182,0.6287878787878788
2932,9.623333333333333,0.8733333333333334
2933,9.63076923076923,1.169230769230769
2934,9.62923076923077,0.6448717948717948
2935,9.664666666666667,0.8066666666666668
2936,9.493461538461538,0.583974358974359
2937,9.455416666666666,0.0
2938,8.7644,0.20866666666666667
2939,9.13,0.06466666666666666
2940,9.208333333333334,0.8430555555555556
2941,9.284545454545453,0.23712121212121212
2942,9.7303125,2.1552083333333334
2943,9.315999999999999,14.273750000000001
2944,9.00423076923077,0.28076923076923077
2945,9.424666666666667,0.18944444444444444
2946,8.871428571428572,0.0
2947,9.338181818181818,0.0
2948,8.60423076923077,0.0
2949,8.685294117647059,16.17058823529412
2950,8.15516129032258,17.68924731182796
2951,7.766206896551724,2.71264367816092
2952,8.221875,80.83125
2953,7.205925925925926,35.7895061728395
2954,8.976666666666667,39.45222222222222
2955,9.3875,9.591666666666667
2957,8.465714285714286,0.8726190476190476
2958,9.513333333333334,1.1777777777777778
2959,9.668000000000001,0.0
2960,9.5975,1.0416666666666667
2961,9.9725,26.100694444444443
2962,7.0175,3.0208333333333335
2963,9.016538461538461,0.48269230769230764
2964,8.052758620689655,23.942528735632184
2965,12.19,22.02888888888889
2966,8.88,36.88055555555556
2967,8.038461538461538,22.698076923076925
2968,9.959999999999999,0.0
2969,7.921428571428572,0.0
2970,8.67263157894737,0.0
2971,7.906363636363636,3.391666666666667
2972,7.803333333333334,23.227777777777778
2973,10.085454545454546,12.434848484848485
2974,4.780833333333333,114.6763888888889
2975,9.80909090909091,3.8575757575757574
2977,9.303333333333335,0.0
2978,9.491666666666667,1.7027777777777777
2979,6.92,159.12083333333334
2980,9.02,7.05
2981,9.252500000000001,11.870833333333334
2982,8.746,32.95666666666666
2983,9.563125,0.0
2984,9.019032258064517,0.0
2985,9.077142857142857,0.17857142857142858
2986,8.594782608695652,0.21739130434782608
2987,9.696,0.0
2988,9.4988,0.0
2989,8.357826086956521,0.0
2990,10.8132,1.4293333333333333
2991,7.92625,0.0
2992,9.156666666666666,0.0
2993,9.50294117647059,0.0
2994,8.986875,0.0
2995,9.161,0.0
2996,9.139090909090909,0.0
2997,8.95388888888889,0.0
2998,9.362857142857141,0.0
2999,9.074375,0.0
3000,9.535833333333334,0.0
3001,9.095384615384615,0.0
3002,8.661428571428573,0.0
3003,9.901250000000001,0.0
3004,9.21,0.0
3005,9.530714285714286,0.0630952380952381
3006,9.39111111111111,0.9231481481481482
3007,9.473333333333334,0.0
3008,9.397857142857143,0.0
3009,8.573333333333332,0.0
3010,9.363333333333333,0.0
3011,9.519090909090908,1.4742424242424241
3012,10.75,0.0
3013,6.865384615384615,42.82051282051282
3014,8.423,0.12666666666666665
3015,7.725263157894737,0.0
3016,8.396666666666667,0.19555555555555554
3017,8.21375,0.0
3018,8.577857142857143,0.0
3019,8.550666666666666,0.0
3020,8.6075,0.0
3021,8.67,1.2416666666666667
3022,5.492,119.86000000000001
3023,4.6175,153.11666666666667
3024,5.362222222222223,0.0
3025,4.76,0.64375
3027,9.04857142857143,0.0
3028,10.278333333333334,0.0
3029,9.55,1.901851851851852
3030,9.26,3.375
3031,9.845714285714285,1.6690476190476191
3032,9.6975,1.20625
3033,9.870000000000001,0.0
3034,9.817142857142857,0.0
3035,10.12142857142857,4.390476190476191
3036,10.111428571428572,4.4071428571428575
3037,10.135,0.0
3038,10.209999999999999,0.0
3039,9.953333333333333,0.0
3040,9.762857142857143,9.754761904761905
3041,5.813,56.39666666666667
3042,9.261666666666667,6.483333333333333
3043,9.048823529411765,1.203921568627451
3044,8.373157894736842,1.4122807017543861
3045,8.593157894736843,1.4350877192982456
3046,7.486666666666667,48.86388888888889
3047,7.575384615384616,51.73589743589744
3048,9.17,0.0
3049,6.180909090909091,0.0
3050,9.216666666666667,0.0
3051,9.12578947368421,0.0
3052,7.923636363636363,0.0
3053,8.229000000000001,0.6825
3054,9.185294117647059,0.0
3055,7.052727272727273,0.0
3056,7.968000000000001,0.0
3057,8.838125,0.0
3058,8.128636363636362,0.5416666666666666
3059,7.691666666666666,0.0
3060,8.168461538461539,0.0
3061,7.954615384615384,0.0
3062,8.654444444444444,6.9944444444444445
3063,8.82,13.87962962962963
3064,8.569999999999999,13.647619047619047
3065,9.767692307692307,0.0
3066,8.889473684210527,0.0
3067,9.495357142857143,10.14702380952381
3068,9.51,0.0
3069,9.142307692307693,1.5910256410256411
3070,7.765384615384615,42.56410256410257
3071,7.738461538461538,0.8897435897435897
3072,9.768571428571429,0.0
3073,8.645833333333334,0.0
3074,9.139166666666666,0.0
3075,6.662857142857143,0.0
3076,9.665000000000001,0.0
3077,8.362222222222222,0.0
3078,9.295833333333333,0.0
3079,8.133333333333333,1.3527777777777779
3080,7.286,0.0
3081,8.074285714285715,0.17142857142857143
3082,9.22642857142857,0.0
3083,8.443333333333333,0.0
3085,8.469,0.0
3086,9.8325,0.0
3087,8.599444444444444,0.0
3088,9.05375,0.0
3089,6.076666666666665,185.4722222222222
3090,4.835,140.925
